Peer IP,Direction,Destination Port
99.83.237.20,Sent,443
54.73.18.116,Sent,443
75.2.101.69,Sent,443
72.154.7.103,Sent,443
2.23.221.196,Sent,443
18.245.143.23,Sent,443
52.182.143.214,Sent,443
217.20.56.99,Sent,80
15.197.229.100,Sent,443
72.154.7.97,Sent,443
13.89.179.13,Sent,443
18.245.143.93,Sent,443
18.245.143.5,Sent,443
104.46.162.227,Sent,443
91.81.130.134,Sent,80
40.119.249.228,Sent,443
142.250.140.94,Sent,443
185.160.60.100,Sent,80
52.223.27.83,Sent,443
18.245.143.22,Sent,443
20.42.72.131,Sent,443
54.154.76.59,Sent,443
176.34.66.104,Sent,443
13.69.239.77,Sent,443
13.78.111.199,Sent,443
91.80.49.22,Sent,80
20.44.10.122,Sent,443
52.140.118.28,Sent,443
3.33.220.55,Sent,443
13.69.239.73,Sent,443
132.196.74.211,Sent,443
20.3.187.198,Sent,443
13.89.179.14,Sent,443
35.71.166.34,Sent,443
13.69.116.107,Sent,443
2.16.153.13,Sent,80
52.167.249.196,Sent,443
20.190.160.2,Sent,443
51.104.15.253,Sent,443
20.42.65.94,Sent,443
2.16.153.11,Sent,80
51.11.168.232,Sent,443
52.183.220.149,Sent,443
20.189.173.3,Sent,443
20.189.173.18,Sent,443
146.75.74.172,Sent,80
20.50.201.204,Sent,443
142.251.15.94,Sent,443
20.189.173.11,Sent,443
52.182.143.209,Sent,443
72.153.5.135,Sent,443
20.165.94.46,Sent,443
150.171.22.17,Sent,443
13.89.178.26,Sent,443
20.106.86.13,Sent,443
104.208.16.91,Sent,443
13.70.79.200,Sent,443
52.168.117.171,Sent,443
20.44.239.154,Sent,443
20.50.201.200,Sent,443
20.189.173.6,Sent,443
20.50.73.4,Sent,443
20.49.150.241,Sent,443
20.189.173.2,Sent,443
20.42.65.89,Sent,443
52.182.143.211,Sent,443
40.126.32.68,Sent,443
13.89.179.9,Sent,443
104.208.16.95,Sent,443
52.182.141.63,Sent,443
52.182.143.208,Sent,443
52.191.219.104,Sent,443
51.145.123.29,Sent,123
52.182.143.215,Sent,443
20.189.173.25,Sent,443
52.137.106.217,Sent,443
51.132.193.104,Sent,443
52.167.17.97,Sent,443
52.252.28.242,Sent,443
20.42.73.31,Sent,443
52.185.211.133,Sent,443
20.190.160.3,Sent,443
20.189.173.26,Sent,443
13.89.178.27,Sent,443
40.79.173.40,Sent,443
217.20.56.102,Sent,80
20.72.205.209,Sent,443
20.165.94.63,Sent,443
20.189.173.27,Sent,443
128.85.113.135,Sent,443
13.95.31.18,Sent,443
20.190.160.130,Sent,443
13.89.179.11,Sent,443
13.79.163.91,Sent,443
72.154.7.105,Sent,443
184.50.113.18,Sent,80
184.50.113.11,Sent,80
151.101.190.172,Sent,80
91.81.129.180,Sent,80
91.80.49.86,Sent,80
91.80.49.21,Sent,80
91.81.129.181,Sent,80
217.20.56.98,Sent,80
217.20.56.100,Sent,80
20.190.159.64,Sent,443
2.23.221.131,Sent,443
51.116.246.106,Sent,443
51.116.253.170,Sent,443
20.42.65.88,Sent,443
20.189.173.7,Sent,443
130.213.27.176,Sent,443
20.242.39.171,Sent,443
20.42.65.84,Sent,443
104.208.16.92,Sent,443
20.42.65.91,Sent,443
20.42.73.30,Sent,443
74.178.76.44,Sent,443
142.251.30.94,Sent,443
20.189.173.16,Sent,443
74.178.240.61,Sent,443
20.189.173.15,Sent,443
20.42.73.25,Sent,443
104.208.16.89,Sent,443
52.168.117.170,Sent,443
20.42.73.24,Sent,443
20.42.65.90,Sent,443
132.196.74.212,Sent,443
40.69.42.241,Sent,443
20.190.160.20,Sent,443
104.78.173.167,Sent,80
40.126.32.72,Sent,443
20.189.173.5,Sent,443
172.169.87.222,Sent,443
40.79.167.8,Sent,443
20.189.173.17,Sent,443
20.189.173.13,Sent,443
20.189.173.28,Sent,443
52.168.112.66,Sent,443
20.189.173.12,Sent,443
51.105.71.136,Sent,443
20.42.65.85,Sent,443
20.42.73.26,Sent,443
13.71.55.58,Sent,443
128.85.113.132,Sent,443
52.165.164.15,Sent,443
20.190.160.128,Sent,443
20.189.173.14,Sent,443
172.184.231.69,Sent,443
4.155.164.36,Sent,443
20.42.73.28,Sent,443
40.126.31.130,Sent,443
104.208.16.90,Sent,443
199.232.58.172,Sent,80
20.109.210.53,Sent,443
104.46.162.226,Sent,443
72.145.35.97,Sent,443
104.77.160.75,Sent,80
104.77.160.86,Sent,80
104.77.160.94,Sent,80
91.80.49.20,Sent,80
104.77.160.77,Sent,80
104.77.160.89,Sent,80
20.189.173.10,Sent,443
13.78.111.198,Sent,443
40.79.150.121,Sent,443
13.107.246.64,Sent,443
20.190.160.64,Sent,443
52.182.143.213,Sent,443
134.33.4.17,Sent,443
20.44.10.123,Sent,443
20.42.73.27,Sent,443
52.168.112.67,Sent,443
20.190.160.5,Sent,443
52.168.117.169,Sent,443
54.155.79.250,Sent,443
51.116.246.104,Sent,443
52.182.143.210,Sent,443
20.189.173.4,Sent,443
104.208.16.88,Sent,443
13.89.179.8,Sent,443
